<?xml version="1.0" encoding="UTF-8"?>
<project-private xmlns="http://www.netbeans.org/ns/project-private/1">
    <editor-bookmarks xmlns="http://www.netbeans.org/ns/editor-bookmarks/2" lastBookmarkId="0"/>
    <open-files xmlns="http://www.netbeans.org/ns/projectui-open-files/2">
        <group>
            <file>file:/C:/Users/HP/Documents/NetBeansProjects/SemesterProject/src/semesterproject/TicketCancel.java</file>
            <file>file:/C:/Users/HP/Documents/NetBeansProjects/SemesterProject/src/semesterproject/signUp.java</file>
            <file>file:/C:/Users/HP/Documents/NetBeansProjects/SemesterProject/src/semesterproject/TicketBooking.java</file>
            <file>file:/C:/Users/HP/Documents/NetBeansProjects/SemesterProject/src/semesterproject/logInNew.java</file>
            <file>file:/C:/Users/HP/Documents/NetBeansProjects/SemesterProject/src/semesterproject/flights.java</file>
            <file>file:/C:/Users/HP/Documents/NetBeansProjects/SemesterProject/src/semesterproject/HomeScreenNew.java</file>
        </group>
    </open-files>
</project-private>
